,acc,kappa,macro F1,micro F1,median F1,average F1,mF1
0,0.9776383965094082,0.9648850566994448,0.9761198037572717,0.9776383965094082,0.9785984731016673,0.9761198037572717,0.9785984731016673
