,acc,kappa,macro F1,micro F1,median F1,average F1,mF1
0,0.9541746641074856,0.9362413922379593,0.7955306353712843,0.9541746641074856,0.8807339449541285,0.7955306353712843,0.8807339449541285
